Keyword,Filename
Reingeniería de Procesos,BU_Reingenieria_de_Procesos_4015.csv
Gestión de la Cadena de Suministro,BU_Gestion_de_la_Cadena_de_Suministro_2519.csv
Planificación de Escenarios,BU_Planificacion_de_Escenarios_5065.csv
Planificación Estratégica,BU_Planificacion_Estrategica_0262.csv
Experiencia del Cliente,BU_Experiencia_del_Cliente_5464.csv
Calidad Total,BU_Calidad_Total_6313.csv
Propósito y Visión,BU_Proposito_y_Vision_5388.csv
Benchmarking,BU_Benchmarking_2485.csv
Competencias Centrales,BU_Competencias_Centrales_3509.csv
Cuadro de Mando Integral,BU_Cuadro_de_Mando_Integral_5505.csv
Alianzas y Capital de Riesgo,BU_Alianzas_y_Capital_de_Riesgo_2190.csv
Outsourcing,BU_Outsourcing_6584.csv
Segmentación de Clientes,BU_Segmentacion_de_Clientes_3670.csv
Fusiones y Adquisiciones,BU_Fusiones_y_Adquisiciones_8219.csv
Gestión de Costos,BU_Gestion_de_Costos_5492.csv
Presupuesto Base Cero,BU_Presupuesto_Base_Cero_7895.csv
Estrategias de Crecimiento,BU_Estrategias_de_Crecimiento_2612.csv
Gestión del Conocimiento,BU_Gestion_del_Conocimiento_0878.csv
Gestión del Cambio,BU_Gestion_del_Cambio_7720.csv
Optimización de Precios,BU_Optimizacion_de_Precios_4984.csv
Lealtad del Cliente,BU_Lealtad_del_Cliente_8749.csv
Innovación Colaborativa,BU_Innovacion_Colaborativa_7921.csv
Talento y Compromiso,BU_Talento_y_Compromiso_8832.csv
